{
  "training_duration": "00:00:01",
  "training_start_epoch": 0,
  "training_epochs": 1,
  "epoch": 1,
  "training_loss": 2.6845226287841797,
  "validation_loss": 2.912416458129883,
  "best_epoch": 0,
  "best_validation_loss": 2.6845226287841797
}