{
  "training_duration": "00:00:02",
  "training_start_epoch": 0,
  "training_epochs": 2,
  "epoch": 2,
  "training_loss": 2.912416458129883,
  "validation_loss": 2.3291780948638916,
  "best_epoch": 2,
  "best_validation_loss": 2.3291780948638916
}