{
  "training_duration": "00:00:00",
  "training_start_epoch": 0,
  "training_epochs": 0,
  "epoch": 0,
  "training_loss": 2.642538547515869,
  "validation_loss": 2.6845226287841797,
  "best_epoch": 0,
  "best_validation_loss": 2.6845226287841797
}